{
    "loss": 0.27246910333633423,
    "accuracy": 0.8627451062202454
}