{
    "loss": 0.36529433727264404,
    "accuracy": 0.8627451062202454
}